size,offload_time
128,2.7333333333333334
256,7.933333333333334
512,33.166666666666664
1024,149.36666666666667
